email,url,label
free.prize@contest-winner.com,http://prize-free-winner.com,0
support@secure-paypal.com,https://secure-login-paypal.com,0
verify@apple-support.com,http://apple.com.secure-login-confirm.com,0
contact@legit-company.com,https://www.legit-company.com,1
admin@university.edu,https://university.edu,1
winner@lottery-claim.com,http://lottery-claim-free.com,0
info@github.com,https://github.com,1
support@chase.com,https://chase.com,1
john.doe@gmail.com, https://www.google.com,1
jane.smith@yahoo.com, https://www.youtube.com,1
mary.johnson@outlook.com, https://www.facebook.com,1
david.wilson@company.com, https://www.twitter.com,1
emily.brown@edu.org, https://www.linkedin.com,1
michael.white@business.net, https://www.github.com,1
sarah.jones@domain.com, https://www.wikipedia.org,1
chris.martin@webmail.com, https://www.amazon.com,1
lisa.lee@professional.org, https://www.microsoft.com,1
kevin.turner@personal.com, https://www.apple.com,1
laura.davis@service.com, https://www.cnn.com,1
robert.martinez@company.net, https://www.bbc.com,1
nancy.wilson@edu.edu, https://www.reddit.com,1
brian.taylor@tech.com, https://www.netflix.com,1
patricia.anderson@home.com, https://www.hulu.com,1
steven.clark@lawyer.com, https://www.adobe.com,1
lisa.martin@consulting.com, https://www.dropbox.com,1
tom.harris@university.edu,https://www.evernote.com,1
jennifer.jones@hospital.org,https://www.slack.com,1
jacob.white@accounting.com, https://www.zoom.us,1
katherine.hall@agency.com, https://www.coursera.org,1
alan.miller@nonprofit.org,https://www.khanacademy.org,1
emma.smith@digital.com, https://www.edx.org,1
luke.garcia@marketing.com, https://www.mit.edu,1
sophia.miller@nonprofit.org, https://www.harvard.edu,1
olivia.moore@fund.org,https://www.stanford.edu,1
ethan.jones@firm.com,https://www.ox.ac.uk,1
isabella.martin@community.org, https://www.cam.ac.uk,1
charlotte.williams@counsel.com,https://www.nasa.gov,1
aiden.brown@office.com,https://www.who.int,1
amelia.james@firm.com, https://www.unicef.org,1
william.rodriquez@company.edu,https://www.worldbank.org,1
ava.king@legal.com, https://www.imf.org,1
jackson.davis@engineering.com,https://www.oecd.org,1
mia.evans@research.org,https://www.nytimes.com,1
noah.baker@consulting.com, https://www.theguardian.com,1
grace.carter@company.com, https://www.forbes.com,1
alexander.walker@agency.org, https://www.bloomberg.com,1
zoe.johnson@council.com, https://www.wsj.com,1
henry.green@financial.com, https://www.washingtonpost.com,1
lily.lee@provider.org, https://www.telegraph.co.uk,1
sebastian.harris@service.org, https://www.aljazeera.com,1
ariana.martinez@institute.com, https://www.nationalgeographic.com,1
gabriel.lee@university.edu, https://www.sciencedaily.com,1
natalie.reed@school.org, https://www.technologyreview.com,1
lucas.rogers@business.org, https://www.wired.com,1
elizabeth.morris@club.com,https://www.techcrunch.com,1
liam.wilson@organization.net, https://www.theverge.com,1
chloe.phillips@group.org, https://www.cnet.com,1
nolan.hall@firm.org, https://www.zdnet.com,1
prizewinner@luckywinner.com,https://secure-login-update.com/login,0
admin@secureupdate.com,https://account-verify-update.org/signin,0
info@account-validation.com,https://bank-security-alerts.com/secure,0
contact@urgent-notice.org,https://update-your-account.com/verify,0
support@verify-your-info.com,https://secure-access-banking.org/login,0
service@update-account.org,https://secure-login-check.com/confirm,0
helpdesk@secure-login.com,https://banking-update-alerts.org/secure,0
alert@security-warning.net,https://account-confirmation-update.com/verify,0
notifications@account-recovery.com,https://secure-login-recover.org/confirm,0
service@banking-alerts.com,https://update-your-details.com/login,0
claim@prize-award.com,https://account-recovery-verify.com/reset,0
contest-winner@prize-mail.com,https://secure-account-recovery.com/confirm,0
security@verify-now.com,https://banking-verify-update.org/recover,0
notification@secure-update.org,https://account-alerts-update.com/validate,0
admin@account-reset.com,https://account-security-check.org/recover,0
info@claim-your-prize.com,https://password-recovery-secure.org/reset,0
customer-service@update-your-info.com,https://secure-account-update.com/recover,0
support@account-lock.com,https://bank-recovery-update.org/validate,0
payment@secure-checkout.com,https://account-recovery-notice.com/confirm,0
service@verification-request.com,https://secure-account-alerts.com/reset,0
alert@urgent-transaction.com,http://security-warning-alerts.com/verify,0
security@account-alerts.com,http://urgent-security-update.org/confirm,0
help@account-warning.com,http://secure-update-notice.com/login,0
support@account-locked.org,http://banking-security-warning.com/update,0
verify@confirm-account.com,http://secure-alerts-payment.org/verify,0
claim@cash-award.com,http://security-update-alerts.org/confirm,0
notifications@account-alerts.net,http://urgent-login-warning.com/secure,0
info@update-details.com,http://account-security-notice.com/verify,0
admin@security-breach.com,http://update-security-alerts.com/login,0
support@reset-password.com,http://bank-security-update.org/verify,0
service@bank-update.com,http://prize-award-secure.com/win,0
alert@verify-your-account.com,http://exclusive-offer-claim.com/redeem,0
security@verification-update.org,http://reward-notification-update.org/claim,0
contact@account-update.net,http://prize-win-claim.com/secure,0
admin@prize-rewards.com,http://exclusive-rewards.com/login,0
info@account-secure.com,http://special-prize-offer.org/claim,0
support@banking-security.com,http://reward-alert-update.com/verify,0
notification@secure-access.com,http://prize-rewards-claim.org/win,0
help@verify-identity.org,http://exclusive-prize-update.com/claim,0
claim@exclusive-offer.com,http://prize-notification.com/redeem,0
service@validate-info.com,http://secure-payment-update.org/confirm,0
support@update-requirements.com,http://payment-security-alerts.com/verify,0
alert@secure-login.org,http://secure-checkout-update.com/login,0
info@bank-alerts.net,http://payment-verification-update.org/secure,0
admin@urgent-update.com,http://secure-payments.com/confirm,0
notification@account-locked.org,http://payment-update-notice.com/secure,0
claim@secure-payment.com,http://checkout-security-update.org/confirm,0
support@verify-now.org,http://secure-payments-alert.com/verify,0
info@account-recovery.net,http://payment-alerts-update.com/validate,0
security@prize-offer.com,http://secure-transaction-update.org/confirm,0
